# Name,   Type, SubType, Offset,  Size, Flags
# Arduino-ESP32's default_16MB.csv with the unused `spiffs` split up (nvs, otadata, app0 and app1 are where they were:
# settings survive flashing this table):
#   soulmem  128 KB  SOUL Memory (docs/10-SOUL-MEMORY.md): two A/B copies of the owner's facts, CRC-checked
#   model    3.2 MB  ESP-SR speech models (srmodels.bin: WakeNet9 + MultiNet7 English), only for the
#                    offline voice-command build (lcd28_voice); esp-sr finds it by the name "model"
#   soulid    64 KB  the SOUL device key (docs/07-CONNECT-AI.md §6.1); a factory reset never erases it
nvs,      data, nvs,     0x9000,  0x5000,
otadata,  data, ota,     0xe000,  0x2000,
app0,     app,  ota_0,   0x10000, 0x640000,
app1,     app,  ota_1,   0x650000,0x640000,
soulmem,  data, 0x40,    0xc90000,0x20000,
model,    data, spiffs,  0xcb0000,0x330000,
soulid,   data, nvs,     0xfe0000,0x10000,
coredump, data, coredump,0xff0000,0x10000,
